<?xml version="1.0" encoding="utf-8" ?>
<odoo noupdate="1">
    <record id="field_service_travel_time" model="product.template">
        <field name="name">FSM Travel Time</field>
        <field name="categ_id" ref="product.product_category_all" />
        <field name="type">service</field>
        <field name="uom_id" ref="uom.product_uom_hour" />
        <field name="uom_po_id" ref="uom.product_uom_hour" />
        <field name="description_sale">Travel time for Field Service
            Employees
        </field>
    </record>
    <record id="field_service_regular_time" model="product.template">
        <field name="name">FSM Regular Time</field>
        <field name="categ_id" ref="product.product_category_all" />
        <field name="type">service</field>
        <field name="uom_id" ref="uom.product_uom_hour" />
        <field name="uom_po_id" ref="uom.product_uom_hour" />
        <field name="description_sale">Regular time for Field Service
            Employees
        </field>
    </record>
    <record id="field_service_overtime" model="product.template">
        <field name="name">FSM Overtime</field>
        <field name="categ_id" ref="product.product_category_all" />
        <field name="type">service</field>
        <field name="uom_id" ref="uom.product_uom_hour" />
        <field name="uom_po_id" ref="uom.product_uom_hour" />
        <field name="description_sale">Overtime for Field Service Employees
        </field>
    </record>
</odoo>
