id,name,model_id:id,group_id/id,perm_read,perm_write,perm_create,perm_unlink
access_account_report_template,access_account_report_template,model_account_report_template,account.group_account_user,1,1,1,1 
access_account_report_standard_ledger_periode,access_account_report_standard_ledger_periode,model_account_report_standard_ledger_periode,account.group_account_user,1,1,1,1
access_account_report_standard_ledger_report,access_account_report_standard_ledger_report,model_account_report_standard_ledger_report,account.group_account_user,1,1,1,1
access_account_report_standard_ledger_line,access_account_report_standard_ledger_line,model_account_report_standard_ledger_line,account.group_account_user,1,1,1,1
access_account_report_standard_ledger_report_object,access_account_report_standard_ledger_report_object,model_account_report_standard_ledger_report_object,account.group_account_user,1,1,1,1
access_account_report_standard_ledger,access_account_report_standard_ledger,model_account_report_standard_ledger,account.group_account_user,1,1,1,1