<?xml version="1.0" encoding="UTF-8" ?>
<odoo>
    <!--    Server actions for Biometric Device in hr.employee-->
    <record id="biometric_device_user" model="ir.actions.server">
        <field name="name">Biometric Device</field>
        <field name="model_id" ref="model_hr_employee"/>
        <field name="binding_model_id" ref="model_hr_employee"/>
        <field name="binding_view_types">form</field>
        <field name="state">code</field>
        <field name="code">
            action = records.action_biometric_device()
        </field>
    </record>
</odoo>
