<?xml version="1.0" encoding="UTF-8" ?>
<odoo>
    <!--    Schedule Job for Attendance downloading-->
    <record id="ir_cron_schedule_attendance_action" model="ir.cron">
        <field name="name">Schedule Attendance Downloading</field>
        <field name="model_id" ref="model_biometric_device_details"/>
        <field name="state">code</field>
        <field name="code">model.schedule_attendance()</field>
        <field name="interval_number">1</field>
        <field name="interval_type">days</field>
        <field name="numbercall">-1</field>
        <field name="doall" eval="False"/>
    </record>
</odoo>
