id,name,model_id:id,group_id:id,perm_read,perm_write,perm_create,perm_unlink
product_brand_id,product_brand_name,model_product_brand,,1,1,1,1
product_group_no_id,product_group_no_name,model_product_group_no,,1,1,1,1
product_pattern_id,product_pattern_name,model_product_pattern,,1,1,1,1
product_size_id,product_size_name,model_product_size,,1,1,1,1
product_width_id,product_width_name,model_product_width,,1,1,1,1
product_aspect_ratio_id,product_aspect_ratio_name,model_product_aspect_ratio,,1,1,1,1
product_rim_id,product_rim_name,model_product_rim,,1,1,1,1
product_year_id,product_year_name,model_product_year,,1,1,1,1
product_tire_category_id,product_tire_category_name,model_product_tire_category,,1,1,1,1
product_construction_id,product_construction_name,model_product_construction,,1,1,1,1
product_ply_rating_id,product_ply_rating_name,model_product_ply_rating,,1,1,1,1
product_country_code_id,product_country_code_name,model_product_country_code,,1,1,1,1
product_country_id,product_country_name,model_product_country,,1,1,1,1
product_pop_id,product_pop_name,model_product_pop,,1,1,1,1
wizard_product_tires_id,wizard_product_tires_name,model_wizard_product_tires,,1,1,1,1
