<?xml version="1.0" encoding="utf-8" ?>
<odoo>
    <record id="product_set_comp_rule" model="ir.rule">
        <field name="name">Product Set multi company rule</field>
        <field name="model_id" ref="model_product_set" />
        <field name="global" eval="True" />
        <field name="domain_force">[('company_id', 'in', [False] + company_ids)]</field>
    </record>
    <record id="product_set_line_comp_rule" model="ir.rule">
        <field name="name">Product Set Line multi company rule</field>
        <field name="model_id" ref="model_product_set_line" />
        <field name="global" eval="True" />
        <field name="domain_force">[('company_id', 'in', [False] + company_ids)]</field>
    </record>
</odoo>
