<odoo>
    <data noupdate="1">

        <record id="bank_letters_of_guarantee_sequence" model="ir.sequence">
            <field name="name">Bank Letters Of Guarantee</field>
            <field name="code">bank.letters.of.guarantee</field>
            <field name="prefix">Bank/</field>
            <field name="padding">4</field>
            <field name="company_id" eval="False"/>
        </record>

        <record id="account_letters_of_guarantee_sequence" model="ir.sequence">
            <field name="name">Account Letters Of Guarantee</field>
            <field name="code">account.letters.of.guarantee</field>
            <field name="prefix">Account/</field>
            <field name="padding">4</field>
            <field name="company_id" eval="False"/>
        </record>

    </data>
</odoo>