id,name,model_id:id,group_id:id,perm_read,perm_write,perm_create,perm_unlink
contract_template_manager,Recurring manager,model_contract_template,account.group_account_manager,1,1,1,1
contract_template_user,Recurring user,model_contract_template,account.group_account_invoice,1,0,0,0
contract_manager,Recurring manager,model_contract_contract,account.group_account_manager,1,1,1,1
contract_user,Recurring user,model_contract_contract,account.group_account_invoice,1,0,0,0
contract_portal,Recurring portal,model_contract_contract,base.group_portal,1,0,0,0
contract_line_manager,Recurring manager,model_contract_line,account.group_account_manager,1,1,1,1
contract_line_user,Recurring user,model_contract_line,account.group_account_invoice,1,0,0,0
contract_line_portal,Recurring portal,model_contract_line,base.group_portal,1,0,0,0
contract_template_line_manager,Recurring manager,model_contract_template_line,account.group_account_manager,1,1,1,1
contract_template_line_user,Recurring user,model_contract_template_line,account.group_account_invoice,1,0,0,0
contract_modification_user,Contract modifications - User,model_contract_modification,account.group_account_invoice,1,1,1,1
contract_modification_portal,Contract modifications - Portal,model_contract_modification,base.group_portal,1,0,0,0
contract_line_wizard,contract_line_wizard,model_contract_line_wizard,account.group_account_manager,1,1,1,1
contract_manually_create_invoice_wizard,contract_manually_create_invoice_wizard,model_contract_manually_create_invoice,account.group_account_invoice,1,1,1,1
contract_contract_terminate_wizard,contract_contract_terminate_wizard,model_contract_contract_terminate,contract.can_terminate_contract,1,1,1,1
access_contract_extension_line,contract.extension.line,model_contract_extension_line,base.group_user,1,1,1,1
