id,name,model_id:id,group_id:id,perm_read,perm_write,perm_create,perm_unlink
access_biometric_device_details,access.biometric.device.details,model_biometric_device_details,base.group_user,1,1,1,1
access_daily_attendance,access.daily.attendance,model_daily_attendance,base.group_user,1,1,1,1
access_zk_machine_attendance,access.zk.machine.attendance,model_zk_machine_attendance,base.group_user,1,1,1,1
access_zk_user_management,access.zk.user.management,model_zk_user_management,base.group_user,1,1,1,1
access_employee_biometric,access.employee.biometric,model_employee_biometric,base.group_user,1,1,1,1
access_clear_fingerprint_templates,access.fingerprint.templates,model_fingerprint_templates,base.group_user,1,1,1,1
