<?xml version="1.0" encoding="utf-8"?>
<odoo>
    <data>
        <!--Monthly Payslip Email Template-->
        <record id="email_template_payslip" model="mail.template">
            <field name="name">Monthly Payslip Email</field>
            <field name="model_id" ref="hr_payroll_community.model_hr_payslip"/>
            <field name="email_from">{{(user.email)}}</field>
            <field name="email_to">{{object.employee_id.private_email}}</field>
            <field name="subject">Ref {{object.number}}</field>
            <field name="auto_delete" eval="True"/>
            <field name="body_html"><![CDATA[
                    <p>Hi,</p>
                    <p>Here by attaching payslip details of this month</p>
                    ]]>
            </field>
            <field name="report_template"
                   ref="hr_payroll_community.payslip_details_report"/>
            <field name="report_name">{{(object.number or '').replace('/','_')}}</field>
        </record>
    </data>
</odoo>