<odoo>
    <data noupdate="0">
        <record id="sub_contract_seq" model="ir.sequence">
            <field name="name">contract</field>
            <field name="code">sub.contract</field>
            <field name="prefix">SC</field>
            <field name="padding">5</field>
        </record>
        <record id="owner_contract_seq" model="ir.sequence">
            <field name="name">contract</field>
            <field name="code">owner.contract</field>
            <field name="prefix">OC</field>
            <field name="padding">5</field>
        </record>

        <record id="subcontractor_invoice_seq" model="ir.sequence">
            <field name="name">subcontractor.invoice</field>
            <field name="code">sub.invoice</field>
            <field name="prefix">SUB</field>
            <field name="padding">5</field>
        </record>

        <record id="subcontractor_invoice_seq" model="ir.sequence">
            <field name="name">subcontractor.invoice</field>
            <field name="code">sub.invoice</field>
            <field name="prefix">SUB/INV/</field>
            <field name="padding">5</field>
        </record>
        <record id="owner_invoice_seq" model="ir.sequence">
            <field name="name">owner.invoice</field>
            <field name="code">owner.invoice</field>
            <field name="prefix">OW/INV/</field>
            <field name="padding">5</field>
        </record>
        <record id="qty_survey_seq" model="ir.sequence">
            <field name="name">qty.survey</field>
            <field name="code">qty.survey</field>
            <field name="prefix">QS</field>
            <field name="padding">5</field>
        </record>
        <record id="financial_offer_seq" model="ir.sequence">
            <field name="name">financial.offer</field>
            <field name="code">financial.offer</field>
            <field name="prefix">FN/OFF/</field>
            <field name="padding">5</field>
        </record>

    </data>
</odoo>