<odoo>
    <!-- FSM groups -->
    <record id="group_fsm_user_own" model="res.groups">
        <field name="name">User (only own documents)</field>
        <field name="category_id" ref="fsm" />
        <field name="implied_ids" eval="[(4, ref('base.group_user'))]" />
    </record>

    <record id="group_fsm_user" model="res.groups">
        <field name="name">User</field>
        <field name="category_id" ref="fsm" />
        <field
            name="implied_ids"
            eval="[(4, ref('fieldservice.group_fsm_user_own'))]"
        />
    </record>
    <record id="group_fsm_dispatcher" model="res.groups">
        <field name="name">Dispatcher</field>
        <field name="category_id" ref="fsm" />
        <field name="implied_ids" eval="[(4, ref('group_fsm_user'))]" />
    </record>
    <record id="group_fsm_manager" model="res.groups">
        <field name="name">Manager</field>
        <field name="category_id" ref="fsm" />
        <field name="implied_ids" eval="[(4, ref('group_fsm_dispatcher'))]" />
        <field
            name="users"
            eval="[(4, ref('base.user_root')), (4, ref('base.user_admin'))]"
        />
    </record>
    <!-- Hidden groups -->
    <record id="group_fsm_team" model="res.groups">
        <field name="name">Manage Field Service Teams</field>
        <field name="category_id" ref="base.module_category_hidden" />
    </record>
    <record id="group_fsm_category" model="res.groups">
        <field name="name">Manage Field Service Worker Categories</field>
        <field name="category_id" ref="base.module_category_hidden" />
    </record>
    <record id="group_fsm_tag" model="res.groups">
        <field name="name">Manage Field Service Tags</field>
        <field name="category_id" ref="base.module_category_hidden" />
    </record>
    <record id="group_fsm_equipment" model="res.groups">
        <field name="name">Manage Field Service Equipment</field>
        <field name="category_id" ref="base.module_category_hidden" />
    </record>
    <record id="group_fsm_template" model="res.groups">
        <field name="name">Manage Field Service Order Templates</field>
        <field name="category_id" ref="base.module_category_hidden" />
    </record>
</odoo>
