"id","name","model_id:id","group_id:id","perm_read","perm_write","perm_create","perm_unlink"
"contract_template_salesman","Recurring Salesman","contract.model_contract_template","sales_team.group_sale_salesman",1,1,1,0
"contract_template_sale_manager","Recurring Sale Manager","contract.model_contract_template","sales_team.group_sale_manager",1,1,1,1
"contract_line_saleman","Recurring Invoice Line Saleman","contract.model_contract_line","sales_team.group_sale_salesman",1,1,1,0
"contract_modification_salesman","Contract Modification Salesman","contract.model_contract_modification","sales_team.group_sale_salesman",1,1,1,0
"contract_line_manager","Recurring Invoice Line Manager","contract.model_contract_line","sales_team.group_sale_manager",1,1,1,1
"contract_template_line_salesman","Recurring Contract Line Salesman","contract.model_contract_template_line","sales_team.group_sale_salesman",1,1,1,0
"contract_template_line_manager","Recurring Contract Line Manager","contract.model_contract_template_line","sales_team.group_sale_manager",1,1,1,1
"account_analytic_line_contract_salesman","Recurring Analytic Line Salesman","analytic.model_account_analytic_line","sales_team.group_sale_salesman",1,1,1,0
"contract_contract_salesman","Recurring Analytic Account Salesman","contract.model_contract_contract","sales_team.group_sale_salesman",1,1,1,0
"account_analytic_tag_contract_salesman","Recurring Account Analytic Tag Salesman","analytic.model_account_analytic_tag","sales_team.group_sale_salesman",1,1,1,0
"account_move_contract_salesman","Recurring Account Invoice Salesman","account.model_account_move","sales_team.group_sale_salesman",1,0,0,0
"account_journal_contract_salesman","Recurring Account Journal Salesman","account.model_account_journal","sales_team.group_sale_salesman",1,0,0,0
