<?xml version='1.0' encoding='utf-8'?>
<odoo>
    <!--Cron function to create inspection request-->
    <data noupdate="1">
        <record id="ir_cron_scheduler_inspection_request" model="ir.cron">
            <field name="name">Vehicle inspection Request</field>
            <field name="model_id" ref="model_inspection_request"/>
            <field name="state">code</field>
            <field name="code">model.action_create_inspection_request()
            </field>
            <field name="user_id" ref="base.user_root"/>
            <field name="interval_number">1</field>
            <field name="interval_type">days</field>
            <field name="numbercall">-1</field>
            <field name="doall">1</field>
        </record>
    </data>
</odoo>
