<?xml version="1.0" encoding="utf-8"?>
<odoo>
    <!--Inspection request sequence-->
    <data noupdate="1">
        <record id="sequence_inspection_request" model="ir.sequence">
            <field name="name">Vehicle Inspection Request</field>
            <field name="code">inspection.request</field>
            <field name="prefix">INSP/REQ</field>
            <field name="padding">5</field>
            <field eval="1" name="number_next"/>
            <field eval="1" name="number_increment"/>
            <field eval="False" name="company_id"/>
        </record>
    </data>
</odoo>
